id;name;login;password;ip;lastenter
1;Clareta Hacking;chacking0;4tzqHdkqzo4;147.231.50.234;02.10.2020
2;Northrop Mably;nmably1;ukM0e6;22.32.15.211;20.06.2020
3;Fabian Rolf;frolf2;7QpCwac0yi;113.92.142.29;19.05.2020
4;Lauree Raden;lraden3;5Ydp2mz;39.24.146.52;22.06.2020
5;Barby Follos;bfollos4;ckmAJPQV;87.232.97.3;18.03.2020
6;Mile Enterle;menterle5;0PRom6i;85.121.209.6;07.04.2020
7;Midge Peaker;mpeaker6;0Tc5oRc;196.39.132.128;09.03.2020
8;Manon Robichon;mrobichon7;LEwEjMlmE5X;143.159.207.105;31.08.2020
9;Stavro Robken;srobken8;Cbmj3Yi;12.154.73.196;22.05.2020
10;Bryan Tidmas;btidmas9;dYDHbBQfK;24.42.134.21;06.06.2020
11;Jeannette Fussie;jfussiea;EGxXuLQ9;98.194.112.137;21.08.2020
12;Stephen Antonacci;santonaccib;YcXAhY3Pja;198.146.255.15;10.03.2019
13;Niccolo Bountiff;nbountiffc;5xfyjS9ZULGA;231.78.246.229;22.01.2020
14;Clemente Benjefield;cbenjefieldd;tQOsP0ei9TuD;88.126.93.246;07.09.2020
15;Orlan Corbyn;ocorbyne;bG1ZIzwIoU;232.175.48.179;24.04.2020
16;Coreen Stickins;cstickinsf;QRYADbgNj;64.30.175.158;20.04.2020
17;Daveta Clarage;dclarageg;Yp59ZIDnWe;139.88.229.111;06.09.2020
18;Javier McCawley;jmccawleyh;g58zLcmCYON;14.199.67.32;20.04.2020
19;Daile Band;dbandi;yFAaYuVW;206.105.148.56;12.02.2019
20;Angil Buttery;abutteryj;ttOFbWWGtD;192.158.7.138;21.06.2020
21;Kyla Kinman;kkinmank;qUr6fdWP6L5G;134.99.243.113;11.08.2019
22;Selena Skepper;sskepperl;jHYN0v3;52.90.89.126;28.04.2020
23;Alyson Yeoland;ayeolandm;QQezRBV9;239.7.55.187;31.05.2020
24;Claudie Speeding;cspeedingn;UCLYITfw2Vo;127.37.194.127;15.11.2019
25;Alaric Scarisbrick;ascarisbricko;fzBcv6GbyCp;97.227.15.172;19.02.2020
26;Marie Thurby;mthurbyp;wg0uIskqei;94.70.148.135;18.09.2019
27;Cloe Roxbrough;croxbroughq;67CVVym;185.110.201.36;01.11.2020
28;Pegeen McCotter;pmccotterr;QG5tdzRpGZJ2;22.179.187.229;22.03.2020
29;Iggie Calleja;icallejas;aeDvZk8o9;67.237.123.227;19.07.2020
30;Nelle Brosch;nbroscht;DmPJt2;251.1.59.65;17.12.2019
31;Shae Allsepp;sallseppu;t0ko0854Cpvv;88.20.74.85;08.09.2020
32;Eldridge Abbatucci;eabbatucciv;gUtNdsDu;52.44.134.126;29.03.2020
33;Skip Garnham;sgarnhamw;eml6RqbK;100.17.131.54;29.01.2020
34;Ric Kitchenside;rkitchensidex;xaa7miQ7yB;29.100.76.146;14.12.2019
35;Urbanus Di Meo;udiy;dHqu78cU6NOP;90.30.202.251;25.12.2019
36;Monty Beidebeke;mbeidebekez;F5T5spAU9A4O;3.32.202.92;02.05.2020
37;Byrann Savins;bsavins10;l6sYf29NLN;123.187.14.103;23.01.2020
38;Sonnie Riby;sriby11;Va34LYqFh;16.81.16.23;17.06.2020
39;Sherill Birney;sbirney12;Ggygo2ePsETs;144.76.193.237;27.12.2019
40;Indira Kleanthous;ikleanthous13;3H0GS7a;169.108.108.88;29.12.2019
41;Maison Skerme;mskerme14;wy1HWA;143.177.136.232;02.10.2020
42;Hanan Cahey;hcahey15;NSXcG9khd;18.127.87.158;13.06.2020
43;Tore Rusling;trusling16;abol9dYC8e;142.216.95.251;19.03.2020
44;Jeddy De Souza;jde17;gK6Hsl8Q;229.104.255.175;17.10.2019
45;Flossi McLeoid;fmcleoid18;B9zr0N7cJw;90.207.38.179;26.01.2020
46;Nikoletta Megainey;nmegainey19;gph7QurFf;172.249.218.50;22.05.2020
47;Adan Bliven;abliven1a;vVxlf94KpeX;49.101.94.118;17.06.2020
48;Mohandis Rossoni;mrossoni1b;nLXj2lS;161.5.132.42;16.11.2019
49;Nappie Redington;nredington1c;DCbOb1SX;174.42.8.3;05.06.2020
50;Lenka Francie;lfrancie1d;DoGeHWuAAM;182.2.128.34;30.03.2020
51;Ashley Blowin;ablowin1e;aQygVtMjN;73.212.243.168;24.06.2020
52;Vale Goroni;vgoroni1f;bWr0QU;93.126.120.134;19.08.2020
53;Suki Grafom;sgrafom1g;JcNcVDAouYzA;9.26.5.107;17.12.2019
54;Justis Gianneschi;jgianneschi1h;oieX5u3sUfpD;139.241.156.87;14.03.2020
55;Emilie Collett;ecollett1i;Y0uMyKB0W;47.0.240.7;10.07.2019
56;Byrom Terrell;bterrell1j;hswseW;157.21.33.53;25.02.2020
57;Daphne Bifield;dbifield1k;oYAQ4URihIA;24.185.229.169;29.07.2020
58;Blanca Staig;bstaig1l;MygqEtjMtUbC;171.78.28.229;19.02.2020
59;Adriaens Kennsley;akennsley1m;CTUdBfJsy6qF;208.81.128.179;15.07.2020
60;Emlyn Bartak;ebartak1n;y3t4H1;130.247.20.138;20.12.2019
61;Victoria Willshire;vwillshire1o;VFSLc2t;243.230.165.161;09.03.2020
62;Egon Savin;esavin1p;axnJY9s;40.140.160.210;31.01.2020
63;Phillie Elsom;pelsom1q;OXzMECG;253.7.8.82;01.01.2020
64;Adan Semaine;asemaine1r;MdJRkHor5SP;76.252.15.218;10.05.2019
65;Constantino Northrop;cnorthrop1s;UIwCvTA7MRS0;119.130.24.85;10.12.2019
66;Rodie Easson;reasson1t;3J0jgg9RWlXs;212.248.119.232;14.08.2020
67;Alida Boleyn;aboleyn1u;3q2mQdDRmtr;181.14.56.184;26.05.2020
68;Hill Scholfield;hscholfield1v;1Pbs3K6qXYB;15.7.205.224;23.02.2020
69;Cordell Cowpe;ccowpe1w;VHr417Ft0;237.236.173.63;17.06.2020
70;Alexandro Eldon;aeldon1x;rrywOQRmFKyh;4.174.11.210;12.04.2019
71;Kayle Collin;kcollin1y;Q0ZV21vew0;52.19.142.168;30.06.2020
72;Inesita Larkins;ilarkins1z;DEFNpHtU;3.26.42.188;12.05.2019
73;Waylin Lound;wlound20;a2G4Ihh2o;31.243.68.215;26.01.2020
74;Mechelle Gillogley;mgillogley21;EjUHfCUFqF;79.38.53.53;05.01.2020
75;Donal Muccino;dmuccino22;E4okVgx;109.138.101.234;04.02.2020
76;Joye Leadbetter;jleadbetter23;ZNsaKdgb;51.245.190.167;05.02.2020
77;Gianina Trump;gtrump24;6XXY7IS26Ci;11.191.37.17;08.03.2020
78;Read LeEstut;rleestut25;zq3C4rUR;119.247.100.162;09.11.2020
79;Jill Anscott;janscott26;5maCRrCZLu;104.85.178.46;28.04.2020
80;Bud Douch;bdouch27;KAkwrli;72.132.101.188;02.06.2020
81;Cicily Ossenna;cossenna28;vfKJkCeohOzZ;230.85.180.186;01.06.2020
82;Hew Izzat;hizzat29;Uifdtu;143.246.125.169;20.01.2020
83;Eddie Gimeno;egimeno2a;oF1hbmKlZ;60.57.115.125;18.03.2020
84;Sybyl Fierro;sfierro2b;VjUrQ2;250.233.247.215;22.01.2020
85;Nicol Troup;ntroup2c;KmDDYf1Pu;121.7.142.165;25.06.2020
86;Bondy Pattenden;bpattenden2d;IOUkHpOn;45.121.26.90;15.06.2020
87;Angus Cockman;acockman2e;fDKhK7OK;167.9.255.77;01.06.2020
88;Mord Hanscome;mhanscome2f;xBHzpa7eP0u;121.181.10.230;07.10.2020
89;Susy Leblanc;sleblanc2g;T2et1U5M;118.164.120.202;16.06.2020
90;Gerard Ciccoloi;gciccoloi2h;w4dZ3hxiCiAg;71.235.27.27;02.03.2020
91;Seamus Sayburn;ssayburn2i;1hTM7EVKaS;75.194.92.114;24.01.2020
92;Washington Gentiry;wgentiry2j;z2X9UH5;188.49.78.185;04.10.2020
93;Rebekkah Westall;rwestall2k;xLgunbO9x6;212.150.81.93;02.02.2020
94;Court Kulic;ckulic2l;FLHYRN;154.121.193.131;26.06.2020
95;Lorilee Roux;lroux2m;98cCxHeeK31;229.187.60.106;06.12.2020
96;Modestine Rolinson;mrolinson2n;faGzyW8hEca;9.203.185.188;30.10.2019
97;Shelbi Ellgood;sellgood2o;3do5MME;199.226.26.7;31.08.2020
98;Barbabra Retchless;bretchless2p;WraGihh;86.66.23.203;11.09.2019
99;Robinetta Jerzak;rjerzak2q;hAp8jki;205.158.144.210;12.11.2019
100;Vance Boots;vboots2r;bgJfSDEVEQm6;91.73.40.29;09.07.2020
